,key,avg,sum,num,name,source
385,Context.StorageManager.Query.Reader.apply_query_condition,0.000291603,0.000291603,1,X_batch,tiledbsoma
223,Context.StorageManager.Query.Reader.apply_query_condition,0.000307936,0.000307936,1,X_batch,tiledbsoma
277,Context.StorageManager.Query.Reader.apply_query_condition,0.000276635,0.000276635,1,X_batch,tiledbsoma
34,Context.StorageManager.Query.Reader.apply_query_condition,0.000317721,0.000317721,1,X_batch,tiledbsoma
196,Context.StorageManager.Query.Reader.apply_query_condition,0.000316864,0.000316864,1,X_batch,tiledbsoma
304,Context.StorageManager.Query.Reader.apply_query_condition,0.000325016,0.000325016,1,X_batch,tiledbsoma
169,Context.StorageManager.Query.Reader.apply_query_condition,0.000282707,0.000282707,1,X_batch,tiledbsoma
142,Context.StorageManager.Query.Reader.apply_query_condition,0.000308711,0.000308711,1,X_batch,tiledbsoma
331,Context.StorageManager.Query.Reader.apply_query_condition,0.000295501,0.000295501,1,X_batch,tiledbsoma
250,Context.StorageManager.Query.Reader.apply_query_condition,0.000294306,0.000294306,1,X_batch,tiledbsoma
115,Context.StorageManager.Query.Reader.apply_query_condition,0.000337241,0.000337241,1,X_batch,tiledbsoma
358,Context.StorageManager.Query.Reader.apply_query_condition,0.00039744,0.00039744,1,X_batch,tiledbsoma
61,Context.StorageManager.Query.Reader.apply_query_condition,0.000333832,0.000333832,1,X_batch,tiledbsoma
88,Context.StorageManager.Query.Reader.apply_query_condition,0.000320246,0.000320246,1,X_batch,tiledbsoma
249,Context.StorageManager.Query.Reader.compute_results_count_sparse,0.000845852,0.0312965,37,X_batch,tiledbsoma
114,Context.StorageManager.Query.Reader.compute_results_count_sparse,0.000877202,0.0324565,37,X_batch,tiledbsoma
384,Context.StorageManager.Query.Reader.compute_results_count_sparse,0.00107636,0.0398254,37,X_batch,tiledbsoma
60,Context.StorageManager.Query.Reader.compute_results_count_sparse,0.000772303,0.0293475,38,X_batch,tiledbsoma
195,Context.StorageManager.Query.Reader.compute_results_count_sparse,0.000987163,0.0345507,35,X_batch,tiledbsoma
222,Context.StorageManager.Query.Reader.compute_results_count_sparse,0.000796765,0.0278868,35,X_batch,tiledbsoma
87,Context.StorageManager.Query.Reader.compute_results_count_sparse,0.00103105,0.0164968,16,X_batch,tiledbsoma
141,Context.StorageManager.Query.Reader.compute_results_count_sparse,0.00081114,0.0283899,35,X_batch,tiledbsoma
168,Context.StorageManager.Query.Reader.compute_results_count_sparse,0.000945569,0.0293126,31,X_batch,tiledbsoma
33,Context.StorageManager.Query.Reader.compute_results_count_sparse,0.000846765,0.0279432,33,X_batch,tiledbsoma
330,Context.StorageManager.Query.Reader.compute_results_count_sparse,0.000958347,0.0306671,32,X_batch,tiledbsoma
303,Context.StorageManager.Query.Reader.compute_results_count_sparse,0.000978816,0.0293645,30,X_batch,tiledbsoma
276,Context.StorageManager.Query.Reader.compute_results_count_sparse,0.000976114,0.0370923,38,X_batch,tiledbsoma
357,Context.StorageManager.Query.Reader.compute_results_count_sparse,0.000745445,0.0119271,16,X_batch,tiledbsoma
329,Context.StorageManager.Query.Reader.compute_tile_bitmaps,0.00723734,0.00723734,1,X_batch,tiledbsoma
356,Context.StorageManager.Query.Reader.compute_tile_bitmaps,0.00869519,0.00869519,1,X_batch,tiledbsoma
194,Context.StorageManager.Query.Reader.compute_tile_bitmaps,0.00572937,0.00572937,1,X_batch,tiledbsoma
302,Context.StorageManager.Query.Reader.compute_tile_bitmaps,0.00522104,0.00522104,1,X_batch,tiledbsoma
113,Context.StorageManager.Query.Reader.compute_tile_bitmaps,0.00765579,0.00765579,1,X_batch,tiledbsoma
140,Context.StorageManager.Query.Reader.compute_tile_bitmaps,0.00470846,0.00470846,1,X_batch,tiledbsoma
167,Context.StorageManager.Query.Reader.compute_tile_bitmaps,0.00415024,0.00415024,1,X_batch,tiledbsoma
59,Context.StorageManager.Query.Reader.compute_tile_bitmaps,0.00910168,0.00910168,1,X_batch,tiledbsoma
32,Context.StorageManager.Query.Reader.compute_tile_bitmaps,0.00925975,0.00925975,1,X_batch,tiledbsoma
383,Context.StorageManager.Query.Reader.compute_tile_bitmaps,0.00563469,0.00563469,1,X_batch,tiledbsoma
86,Context.StorageManager.Query.Reader.compute_tile_bitmaps,0.00608831,0.00608831,1,X_batch,tiledbsoma
248,Context.StorageManager.Query.Reader.compute_tile_bitmaps,0.00878945,0.00878945,1,X_batch,tiledbsoma
275,Context.StorageManager.Query.Reader.compute_tile_bitmaps,0.00968419,0.00968419,1,X_batch,tiledbsoma
221,Context.StorageManager.Query.Reader.compute_tile_bitmaps,0.0070372,0.0070372,1,X_batch,tiledbsoma
112,Context.StorageManager.Query.Reader.copy_fixed_data_tiles,0.00960996,0.0288299,3,X_batch,tiledbsoma
382,Context.StorageManager.Query.Reader.copy_fixed_data_tiles,0.0137413,0.041224,3,X_batch,tiledbsoma
355,Context.StorageManager.Query.Reader.copy_fixed_data_tiles,0.0123174,0.0369523,3,X_batch,tiledbsoma
139,Context.StorageManager.Query.Reader.copy_fixed_data_tiles,0.00522836,0.0156851,3,X_batch,tiledbsoma
58,Context.StorageManager.Query.Reader.copy_fixed_data_tiles,0.0082889,0.0248667,3,X_batch,tiledbsoma
274,Context.StorageManager.Query.Reader.copy_fixed_data_tiles,0.00632125,0.0189638,3,X_batch,tiledbsoma
166,Context.StorageManager.Query.Reader.copy_fixed_data_tiles,0.00491913,0.0147574,3,X_batch,tiledbsoma
247,Context.StorageManager.Query.Reader.copy_fixed_data_tiles,0.0109871,0.0329612,3,X_batch,tiledbsoma
328,Context.StorageManager.Query.Reader.copy_fixed_data_tiles,0.0060403,0.0181209,3,X_batch,tiledbsoma
193,Context.StorageManager.Query.Reader.copy_fixed_data_tiles,0.0130798,0.0392393,3,X_batch,tiledbsoma
31,Context.StorageManager.Query.Reader.copy_fixed_data_tiles,0.00816628,0.0244988,3,X_batch,tiledbsoma
220,Context.StorageManager.Query.Reader.copy_fixed_data_tiles,0.00894176,0.0268253,3,X_batch,tiledbsoma
85,Context.StorageManager.Query.Reader.copy_fixed_data_tiles,0.0127431,0.0382294,3,X_batch,tiledbsoma
301,Context.StorageManager.Query.Reader.copy_fixed_data_tiles,0.0107206,0.0321617,3,X_batch,tiledbsoma
246,Context.StorageManager.Query.Reader.create_result_tiles,0.00110052,0.00110052,1,X_batch,tiledbsoma
300,Context.StorageManager.Query.Reader.create_result_tiles,0.000939407,0.000939407,1,X_batch,tiledbsoma
381,Context.StorageManager.Query.Reader.create_result_tiles,0.000895085,0.000895085,1,X_batch,tiledbsoma
111,Context.StorageManager.Query.Reader.create_result_tiles,0.000873921,0.000873921,1,X_batch,tiledbsoma
219,Context.StorageManager.Query.Reader.create_result_tiles,0.000879425,0.000879425,1,X_batch,tiledbsoma
327,Context.StorageManager.Query.Reader.create_result_tiles,0.000591412,0.000591412,1,X_batch,tiledbsoma
138,Context.StorageManager.Query.Reader.create_result_tiles,0.000529542,0.000529542,1,X_batch,tiledbsoma
273,Context.StorageManager.Query.Reader.create_result_tiles,0.00052675,0.00052675,1,X_batch,tiledbsoma
354,Context.StorageManager.Query.Reader.create_result_tiles,0.0010291,0.0010291,1,X_batch,tiledbsoma
165,Context.StorageManager.Query.Reader.create_result_tiles,0.000400689,0.000400689,1,X_batch,tiledbsoma
84,Context.StorageManager.Query.Reader.create_result_tiles,0.00113353,0.00113353,1,X_batch,tiledbsoma
192,Context.StorageManager.Query.Reader.create_result_tiles,0.00110902,0.00110902,1,X_batch,tiledbsoma
30,Context.StorageManager.Query.Reader.create_result_tiles,0.000687995,0.000687995,1,X_batch,tiledbsoma
57,Context.StorageManager.Query.Reader.create_result_tiles,0.00199665,0.00199665,1,X_batch,tiledbsoma
380,Context.StorageManager.Query.Reader.dedup_fragments_with_timestamps,8.803e-06,8.803e-06,1,X_batch,tiledbsoma
29,Context.StorageManager.Query.Reader.dedup_fragments_with_timestamps,5.617e-06,5.617e-06,1,X_batch,tiledbsoma
218,Context.StorageManager.Query.Reader.dedup_fragments_with_timestamps,9.954e-06,9.954e-06,1,X_batch,tiledbsoma
326,Context.StorageManager.Query.Reader.dedup_fragments_with_timestamps,9.327e-06,9.327e-06,1,X_batch,tiledbsoma
83,Context.StorageManager.Query.Reader.dedup_fragments_with_timestamps,9.116e-06,9.116e-06,1,X_batch,tiledbsoma
191,Context.StorageManager.Query.Reader.dedup_fragments_with_timestamps,6.849e-06,6.849e-06,1,X_batch,tiledbsoma
299,Context.StorageManager.Query.Reader.dedup_fragments_with_timestamps,9.498e-06,9.498e-06,1,X_batch,tiledbsoma
353,Context.StorageManager.Query.Reader.dedup_fragments_with_timestamps,7.283e-06,7.283e-06,1,X_batch,tiledbsoma
164,Context.StorageManager.Query.Reader.dedup_fragments_with_timestamps,7.246e-06,7.246e-06,1,X_batch,tiledbsoma
245,Context.StorageManager.Query.Reader.dedup_fragments_with_timestamps,8.633e-06,8.633e-06,1,X_batch,tiledbsoma
110,Context.StorageManager.Query.Reader.dedup_fragments_with_timestamps,7.12e-06,7.12e-06,1,X_batch,tiledbsoma
56,Context.StorageManager.Query.Reader.dedup_fragments_with_timestamps,6.899e-06,6.899e-06,1,X_batch,tiledbsoma
137,Context.StorageManager.Query.Reader.dedup_fragments_with_timestamps,6.789e-06,6.789e-06,1,X_batch,tiledbsoma
272,Context.StorageManager.Query.Reader.dedup_fragments_with_timestamps,7.019e-06,7.019e-06,1,X_batch,tiledbsoma
109,Context.StorageManager.Query.Reader.dedup_tiles_with_timestamps,0.00027965,0.00027965,1,X_batch,tiledbsoma
190,Context.StorageManager.Query.Reader.dedup_tiles_with_timestamps,0.000249242,0.000249242,1,X_batch,tiledbsoma
55,Context.StorageManager.Query.Reader.dedup_tiles_with_timestamps,0.000299817,0.000299817,1,X_batch,tiledbsoma
217,Context.StorageManager.Query.Reader.dedup_tiles_with_timestamps,0.000334003,0.000334003,1,X_batch,tiledbsoma
136,Context.StorageManager.Query.Reader.dedup_tiles_with_timestamps,0.000282788,0.000282788,1,X_batch,tiledbsoma
163,Context.StorageManager.Query.Reader.dedup_tiles_with_timestamps,0.000286658,0.000286658,1,X_batch,tiledbsoma
298,Context.StorageManager.Query.Reader.dedup_tiles_with_timestamps,0.000315947,0.000315947,1,X_batch,tiledbsoma
352,Context.StorageManager.Query.Reader.dedup_tiles_with_timestamps,0.000284618,0.000284618,1,X_batch,tiledbsoma
28,Context.StorageManager.Query.Reader.dedup_tiles_with_timestamps,0.000247757,0.000247757,1,X_batch,tiledbsoma
379,Context.StorageManager.Query.Reader.dedup_tiles_with_timestamps,0.000287947,0.000287947,1,X_batch,tiledbsoma
244,Context.StorageManager.Query.Reader.dedup_tiles_with_timestamps,0.000315383,0.000315383,1,X_batch,tiledbsoma
325,Context.StorageManager.Query.Reader.dedup_tiles_with_timestamps,0.000310765,0.000310765,1,X_batch,tiledbsoma
271,Context.StorageManager.Query.Reader.dedup_tiles_with_timestamps,0.00026884,0.00026884,1,X_batch,tiledbsoma
82,Context.StorageManager.Query.Reader.dedup_tiles_with_timestamps,0.00028917,0.00028917,1,X_batch,tiledbsoma
351,Context.StorageManager.Query.Reader.dowork,0.211915,0.211915,1,X_batch,tiledbsoma
108,Context.StorageManager.Query.Reader.dowork,0.170231,0.170231,1,X_batch,tiledbsoma
162,Context.StorageManager.Query.Reader.dowork,0.0968886,0.0968886,1,X_batch,tiledbsoma
243,Context.StorageManager.Query.Reader.dowork,0.250966,0.250966,1,X_batch,tiledbsoma
378,Context.StorageManager.Query.Reader.dowork,0.19301,0.19301,1,X_batch,tiledbsoma
270,Context.StorageManager.Query.Reader.dowork,0.137341,0.137341,1,X_batch,tiledbsoma
27,Context.StorageManager.Query.Reader.dowork,0.190436,0.190436,1,X_batch,tiledbsoma
189,Context.StorageManager.Query.Reader.dowork,0.233807,0.233807,1,X_batch,tiledbsoma
81,Context.StorageManager.Query.Reader.dowork,0.233141,0.233141,1,X_batch,tiledbsoma
216,Context.StorageManager.Query.Reader.dowork,0.175766,0.175766,1,X_batch,tiledbsoma
324,Context.StorageManager.Query.Reader.dowork,0.127825,0.127825,1,X_batch,tiledbsoma
135,Context.StorageManager.Query.Reader.dowork,0.110407,0.110407,1,X_batch,tiledbsoma
297,Context.StorageManager.Query.Reader.dowork,0.206992,0.206992,1,X_batch,tiledbsoma
54,Context.StorageManager.Query.Reader.dowork,0.208095,0.208095,1,X_batch,tiledbsoma
161,Context.StorageManager.Query.Reader.load_initial_data,0.003008,0.003008,1,X_batch,tiledbsoma
242,Context.StorageManager.Query.Reader.load_initial_data,0.00289998,0.00289998,1,X_batch,tiledbsoma
26,Context.StorageManager.Query.Reader.load_initial_data,0.00227916,0.00227916,1,X_batch,tiledbsoma
350,Context.StorageManager.Query.Reader.load_initial_data,0.00290143,0.00290143,1,X_batch,tiledbsoma
296,Context.StorageManager.Query.Reader.load_initial_data,0.00281032,0.00281032,1,X_batch,tiledbsoma
215,Context.StorageManager.Query.Reader.load_initial_data,0.00294726,0.00294726,1,X_batch,tiledbsoma
269,Context.StorageManager.Query.Reader.load_initial_data,0.00280824,0.00280824,1,X_batch,tiledbsoma
134,Context.StorageManager.Query.Reader.load_initial_data,0.00284342,0.00284342,1,X_batch,tiledbsoma
188,Context.StorageManager.Query.Reader.load_initial_data,0.00296956,0.00296956,1,X_batch,tiledbsoma
323,Context.StorageManager.Query.Reader.load_initial_data,0.00287286,0.00287286,1,X_batch,tiledbsoma
377,Context.StorageManager.Query.Reader.load_initial_data,0.00294675,0.00294675,1,X_batch,tiledbsoma
53,Context.StorageManager.Query.Reader.load_initial_data,0.0029442,0.0029442,1,X_batch,tiledbsoma
107,Context.StorageManager.Query.Reader.load_initial_data,0.00304362,0.00304362,1,X_batch,tiledbsoma
80,Context.StorageManager.Query.Reader.load_initial_data,0.00290294,0.00290294,1,X_batch,tiledbsoma
349,Context.StorageManager.Query.Reader.load_tile_metadata,8.075e-06,8.075e-06,1,X_batch,tiledbsoma
160,Context.StorageManager.Query.Reader.load_tile_metadata,8.741e-06,8.741e-06,1,X_batch,tiledbsoma
106,Context.StorageManager.Query.Reader.load_tile_metadata,1.0292e-05,1.0292e-05,1,X_batch,tiledbsoma
241,Context.StorageManager.Query.Reader.load_tile_metadata,8.694e-06,8.694e-06,1,X_batch,tiledbsoma
79,Context.StorageManager.Query.Reader.load_tile_metadata,7.964e-06,7.964e-06,1,X_batch,tiledbsoma
52,Context.StorageManager.Query.Reader.load_tile_metadata,8.248e-06,8.248e-06,1,X_batch,tiledbsoma
295,Context.StorageManager.Query.Reader.load_tile_metadata,8.342e-06,8.342e-06,1,X_batch,tiledbsoma
187,Context.StorageManager.Query.Reader.load_tile_metadata,8.154e-06,8.154e-06,1,X_batch,tiledbsoma
214,Context.StorageManager.Query.Reader.load_tile_metadata,8.267e-06,8.267e-06,1,X_batch,tiledbsoma
25,Context.StorageManager.Query.Reader.load_tile_metadata,6.788e-06,6.788e-06,1,X_batch,tiledbsoma
322,Context.StorageManager.Query.Reader.load_tile_metadata,1.0603e-05,1.0603e-05,1,X_batch,tiledbsoma
376,Context.StorageManager.Query.Reader.load_tile_metadata,8.132e-06,8.132e-06,1,X_batch,tiledbsoma
133,Context.StorageManager.Query.Reader.load_tile_metadata,7.944e-06,7.944e-06,1,X_batch,tiledbsoma
268,Context.StorageManager.Query.Reader.load_tile_metadata,8.011e-06,8.011e-06,1,X_batch,tiledbsoma
294,Context.StorageManager.Query.Reader.load_tile_offsets,0.000262172,0.000786515,3,X_batch,tiledbsoma
267,Context.StorageManager.Query.Reader.load_tile_offsets,0.000261157,0.00078347,3,X_batch,tiledbsoma
186,Context.StorageManager.Query.Reader.load_tile_offsets,0.000247754,0.000743263,3,X_batch,tiledbsoma
78,Context.StorageManager.Query.Reader.load_tile_offsets,0.000243859,0.000731577,3,X_batch,tiledbsoma
348,Context.StorageManager.Query.Reader.load_tile_offsets,0.000263439,0.000790317,3,X_batch,tiledbsoma
321,Context.StorageManager.Query.Reader.load_tile_offsets,0.000263468,0.000790403,3,X_batch,tiledbsoma
24,Context.StorageManager.Query.Reader.load_tile_offsets,0.000167695,0.000503086,3,X_batch,tiledbsoma
213,Context.StorageManager.Query.Reader.load_tile_offsets,0.00025259,0.00075777,3,X_batch,tiledbsoma
105,Context.StorageManager.Query.Reader.load_tile_offsets,0.000245778,0.000737334,3,X_batch,tiledbsoma
159,Context.StorageManager.Query.Reader.load_tile_offsets,0.000263969,0.000791906,3,X_batch,tiledbsoma
240,Context.StorageManager.Query.Reader.load_tile_offsets,0.000246749,0.000740248,3,X_batch,tiledbsoma
132,Context.StorageManager.Query.Reader.load_tile_offsets,0.000238745,0.000716234,3,X_batch,tiledbsoma
375,Context.StorageManager.Query.Reader.load_tile_offsets,0.000267841,0.000803523,3,X_batch,tiledbsoma
51,Context.StorageManager.Query.Reader.load_tile_offsets,0.000241524,0.000724571,3,X_batch,tiledbsoma
104,Context.StorageManager.Query.Reader.load_tile_var_sizes,7.508e-06,7.508e-06,1,X_batch,tiledbsoma
374,Context.StorageManager.Query.Reader.load_tile_var_sizes,7.282e-06,7.282e-06,1,X_batch,tiledbsoma
185,Context.StorageManager.Query.Reader.load_tile_var_sizes,7.352e-06,7.352e-06,1,X_batch,tiledbsoma
239,Context.StorageManager.Query.Reader.load_tile_var_sizes,7.311e-06,7.311e-06,1,X_batch,tiledbsoma
293,Context.StorageManager.Query.Reader.load_tile_var_sizes,9.425e-06,9.425e-06,1,X_batch,tiledbsoma
131,Context.StorageManager.Query.Reader.load_tile_var_sizes,8.687e-06,8.687e-06,1,X_batch,tiledbsoma
50,Context.StorageManager.Query.Reader.load_tile_var_sizes,8.924e-06,8.924e-06,1,X_batch,tiledbsoma
347,Context.StorageManager.Query.Reader.load_tile_var_sizes,8.553e-06,8.553e-06,1,X_batch,tiledbsoma
77,Context.StorageManager.Query.Reader.load_tile_var_sizes,9.48e-06,9.48e-06,1,X_batch,tiledbsoma
266,Context.StorageManager.Query.Reader.load_tile_var_sizes,7.387e-06,7.387e-06,1,X_batch,tiledbsoma
212,Context.StorageManager.Query.Reader.load_tile_var_sizes,7.14e-06,7.14e-06,1,X_batch,tiledbsoma
23,Context.StorageManager.Query.Reader.load_tile_var_sizes,5.981e-06,5.981e-06,1,X_batch,tiledbsoma
320,Context.StorageManager.Query.Reader.load_tile_var_sizes,7.046e-06,7.046e-06,1,X_batch,tiledbsoma
158,Context.StorageManager.Query.Reader.load_tile_var_sizes,8.607e-06,8.607e-06,1,X_batch,tiledbsoma
211,Context.StorageManager.Query.Reader.max_num_cells_to_copy,3.936e-06,3.936e-06,1,X_batch,tiledbsoma
373,Context.StorageManager.Query.Reader.max_num_cells_to_copy,2.365e-06,2.365e-06,1,X_batch,tiledbsoma
184,Context.StorageManager.Query.Reader.max_num_cells_to_copy,3.734e-06,3.734e-06,1,X_batch,tiledbsoma
22,Context.StorageManager.Query.Reader.max_num_cells_to_copy,2.788e-06,2.788e-06,1,X_batch,tiledbsoma
76,Context.StorageManager.Query.Reader.max_num_cells_to_copy,4.287e-06,4.287e-06,1,X_batch,tiledbsoma
157,Context.StorageManager.Query.Reader.max_num_cells_to_copy,2.066e-06,2.066e-06,1,X_batch,tiledbsoma
130,Context.StorageManager.Query.Reader.max_num_cells_to_copy,3.721e-06,3.721e-06,1,X_batch,tiledbsoma
103,Context.StorageManager.Query.Reader.max_num_cells_to_copy,2.502e-06,2.502e-06,1,X_batch,tiledbsoma
292,Context.StorageManager.Query.Reader.max_num_cells_to_copy,3.883e-06,3.883e-06,1,X_batch,tiledbsoma
346,Context.StorageManager.Query.Reader.max_num_cells_to_copy,4.115e-06,4.115e-06,1,X_batch,tiledbsoma
265,Context.StorageManager.Query.Reader.max_num_cells_to_copy,4.474e-06,4.474e-06,1,X_batch,tiledbsoma
49,Context.StorageManager.Query.Reader.max_num_cells_to_copy,4.564e-06,4.564e-06,1,X_batch,tiledbsoma
238,Context.StorageManager.Query.Reader.max_num_cells_to_copy,4.18e-06,4.18e-06,1,X_batch,tiledbsoma
319,Context.StorageManager.Query.Reader.max_num_cells_to_copy,3.663e-06,3.663e-06,1,X_batch,tiledbsoma
345,Context.StorageManager.Query.Reader.merge_result_cell_slabs,0.0266506,0.0266506,1,X_batch,tiledbsoma
75,Context.StorageManager.Query.Reader.merge_result_cell_slabs,0.0285463,0.0285463,1,X_batch,tiledbsoma
318,Context.StorageManager.Query.Reader.merge_result_cell_slabs,0.0165663,0.0165663,1,X_batch,tiledbsoma
372,Context.StorageManager.Query.Reader.merge_result_cell_slabs,0.0243333,0.0243333,1,X_batch,tiledbsoma
21,Context.StorageManager.Query.Reader.merge_result_cell_slabs,0.0145232,0.0145232,1,X_batch,tiledbsoma
129,Context.StorageManager.Query.Reader.merge_result_cell_slabs,0.0138091,0.0138091,1,X_batch,tiledbsoma
210,Context.StorageManager.Query.Reader.merge_result_cell_slabs,0.0215291,0.0215291,1,X_batch,tiledbsoma
291,Context.StorageManager.Query.Reader.merge_result_cell_slabs,0.0252369,0.0252369,1,X_batch,tiledbsoma
102,Context.StorageManager.Query.Reader.merge_result_cell_slabs,0.0216256,0.0216256,1,X_batch,tiledbsoma
183,Context.StorageManager.Query.Reader.merge_result_cell_slabs,0.0260037,0.0260037,1,X_batch,tiledbsoma
156,Context.StorageManager.Query.Reader.merge_result_cell_slabs,0.0118747,0.0118747,1,X_batch,tiledbsoma
237,Context.StorageManager.Query.Reader.merge_result_cell_slabs,0.0278438,0.0278438,1,X_batch,tiledbsoma
48,Context.StorageManager.Query.Reader.merge_result_cell_slabs,0.0212648,0.0212648,1,X_batch,tiledbsoma
264,Context.StorageManager.Query.Reader.merge_result_cell_slabs,0.0152358,0.0152358,1,X_batch,tiledbsoma
101,Context.StorageManager.Query.Reader.process_slabs,0.0588879,0.0588879,1,X_batch,tiledbsoma
20,Context.StorageManager.Query.Reader.process_slabs,0.0752472,0.0752472,1,X_batch,tiledbsoma
155,Context.StorageManager.Query.Reader.process_slabs,0.0300277,0.0300277,1,X_batch,tiledbsoma
74,Context.StorageManager.Query.Reader.process_slabs,0.0859131,0.0859131,1,X_batch,tiledbsoma
128,Context.StorageManager.Query.Reader.process_slabs,0.0339402,0.0339402,1,X_batch,tiledbsoma
371,Context.StorageManager.Query.Reader.process_slabs,0.0800686,0.0800686,1,X_batch,tiledbsoma
209,Context.StorageManager.Query.Reader.process_slabs,0.0607484,0.0607484,1,X_batch,tiledbsoma
290,Context.StorageManager.Query.Reader.process_slabs,0.087654,0.087654,1,X_batch,tiledbsoma
47,Context.StorageManager.Query.Reader.process_slabs,0.0829867,0.0829867,1,X_batch,tiledbsoma
236,Context.StorageManager.Query.Reader.process_slabs,0.107183,0.107183,1,X_batch,tiledbsoma
263,Context.StorageManager.Query.Reader.process_slabs,0.0436988,0.0436988,1,X_batch,tiledbsoma
182,Context.StorageManager.Query.Reader.process_slabs,0.0885956,0.0885956,1,X_batch,tiledbsoma
317,Context.StorageManager.Query.Reader.process_slabs,0.0389852,0.0389852,1,X_batch,tiledbsoma
344,Context.StorageManager.Query.Reader.process_slabs,0.0721713,0.0721713,1,X_batch,tiledbsoma
19,Context.StorageManager.Query.Reader.read_and_unfilter_attributes,0.0473529,0.0473529,1,X_batch,tiledbsoma
235,Context.StorageManager.Query.Reader.read_and_unfilter_attributes,0.0690877,0.0690877,1,X_batch,tiledbsoma
154,Context.StorageManager.Query.Reader.read_and_unfilter_attributes,0.0149944,0.0149944,1,X_batch,tiledbsoma
181,Context.StorageManager.Query.Reader.read_and_unfilter_attributes,0.0429244,0.0429244,1,X_batch,tiledbsoma
73,Context.StorageManager.Query.Reader.read_and_unfilter_attributes,0.0456509,0.0456509,1,X_batch,tiledbsoma
316,Context.StorageManager.Query.Reader.read_and_unfilter_attributes,0.0205353,0.0205353,1,X_batch,tiledbsoma
127,Context.StorageManager.Query.Reader.read_and_unfilter_attributes,0.0179447,0.0179447,1,X_batch,tiledbsoma
370,Context.StorageManager.Query.Reader.read_and_unfilter_attributes,0.0384577,0.0384577,1,X_batch,tiledbsoma
289,Context.StorageManager.Query.Reader.read_and_unfilter_attributes,0.055055,0.055055,1,X_batch,tiledbsoma
343,Context.StorageManager.Query.Reader.read_and_unfilter_attributes,0.0340183,0.0340183,1,X_batch,tiledbsoma
100,Context.StorageManager.Query.Reader.read_and_unfilter_attributes,0.0287404,0.0287404,1,X_batch,tiledbsoma
262,Context.StorageManager.Query.Reader.read_and_unfilter_attributes,0.0243933,0.0243933,1,X_batch,tiledbsoma
46,Context.StorageManager.Query.Reader.read_and_unfilter_attributes,0.0571094,0.0571094,1,X_batch,tiledbsoma
208,Context.StorageManager.Query.Reader.read_and_unfilter_attributes,0.0328259,0.0328259,1,X_batch,tiledbsoma
288,Context.StorageManager.Query.Reader.read_and_unfilter_coords,0.0829013,0.0829013,1,X_batch,tiledbsoma
234,Context.StorageManager.Query.Reader.read_and_unfilter_coords,0.0980461,0.0980461,1,X_batch,tiledbsoma
342,Context.StorageManager.Query.Reader.read_and_unfilter_coords,0.09783,0.09783,1,X_batch,tiledbsoma
315,Context.StorageManager.Query.Reader.read_and_unfilter_coords,0.059452,0.059452,1,X_batch,tiledbsoma
99,Context.StorageManager.Query.Reader.read_and_unfilter_coords,0.0758413,0.0758413,1,X_batch,tiledbsoma
261,Context.StorageManager.Query.Reader.read_and_unfilter_coords,0.0633531,0.0633531,1,X_batch,tiledbsoma
18,Context.StorageManager.Query.Reader.read_and_unfilter_coords,0.0867319,0.0867319,1,X_batch,tiledbsoma
45,Context.StorageManager.Query.Reader.read_and_unfilter_coords,0.0877822,0.0877822,1,X_batch,tiledbsoma
153,Context.StorageManager.Query.Reader.read_and_unfilter_coords,0.0454944,0.0454944,1,X_batch,tiledbsoma
72,Context.StorageManager.Query.Reader.read_and_unfilter_coords,0.10559,0.10559,1,X_batch,tiledbsoma
369,Context.StorageManager.Query.Reader.read_and_unfilter_coords,0.0769862,0.0769862,1,X_batch,tiledbsoma
126,Context.StorageManager.Query.Reader.read_and_unfilter_coords,0.0526453,0.0526453,1,X_batch,tiledbsoma
207,Context.StorageManager.Query.Reader.read_and_unfilter_coords,0.080486,0.080486,1,X_batch,tiledbsoma
180,Context.StorageManager.Query.Reader.read_and_unfilter_coords,0.106896,0.106896,1,X_batch,tiledbsoma
287,Context.StorageManager.Query.Reader.read_attribute_tiles,0.0146601,0.0293203,2,X_batch,tiledbsoma
260,Context.StorageManager.Query.Reader.read_attribute_tiles,0.00278137,0.00556275,2,X_batch,tiledbsoma
71,Context.StorageManager.Query.Reader.read_attribute_tiles,0.00446046,0.00892092,2,X_batch,tiledbsoma
314,Context.StorageManager.Query.Reader.read_attribute_tiles,0.00278518,0.00557035,2,X_batch,tiledbsoma
206,Context.StorageManager.Query.Reader.read_attribute_tiles,0.0031452,0.0062904,2,X_batch,tiledbsoma
44,Context.StorageManager.Query.Reader.read_attribute_tiles,0.0131711,0.0263423,2,X_batch,tiledbsoma
179,Context.StorageManager.Query.Reader.read_attribute_tiles,0.00436981,0.00873963,2,X_batch,tiledbsoma
152,Context.StorageManager.Query.Reader.read_attribute_tiles,0.00182298,0.00364596,2,X_batch,tiledbsoma
17,Context.StorageManager.Query.Reader.read_attribute_tiles,0.00774368,0.0154874,2,X_batch,tiledbsoma
98,Context.StorageManager.Query.Reader.read_attribute_tiles,0.00399714,0.00799428,2,X_batch,tiledbsoma
233,Context.StorageManager.Query.Reader.read_attribute_tiles,0.0141529,0.0283058,2,X_batch,tiledbsoma
368,Context.StorageManager.Query.Reader.read_attribute_tiles,0.00754705,0.0150941,2,X_batch,tiledbsoma
341,Context.StorageManager.Query.Reader.read_attribute_tiles,0.00387535,0.0077507,2,X_batch,tiledbsoma
125,Context.StorageManager.Query.Reader.read_attribute_tiles,0.00273489,0.00546977,2,X_batch,tiledbsoma
70,Context.StorageManager.Query.Reader.read_coordinate_tiles,0.0145628,0.0291255,2,X_batch,tiledbsoma
340,Context.StorageManager.Query.Reader.read_coordinate_tiles,0.0165704,0.0331408,2,X_batch,tiledbsoma
151,Context.StorageManager.Query.Reader.read_coordinate_tiles,0.00545355,0.0109071,2,X_batch,tiledbsoma
124,Context.StorageManager.Query.Reader.read_coordinate_tiles,0.00704759,0.0140952,2,X_batch,tiledbsoma
43,Context.StorageManager.Query.Reader.read_coordinate_tiles,0.0145803,0.0291606,2,X_batch,tiledbsoma
367,Context.StorageManager.Query.Reader.read_coordinate_tiles,0.0115533,0.0231066,2,X_batch,tiledbsoma
16,Context.StorageManager.Query.Reader.read_coordinate_tiles,0.0104684,0.0209367,2,X_batch,tiledbsoma
232,Context.StorageManager.Query.Reader.read_coordinate_tiles,0.0184673,0.0369346,2,X_batch,tiledbsoma
313,Context.StorageManager.Query.Reader.read_coordinate_tiles,0.00889453,0.0177891,2,X_batch,tiledbsoma
97,Context.StorageManager.Query.Reader.read_coordinate_tiles,0.0121199,0.0242398,2,X_batch,tiledbsoma
286,Context.StorageManager.Query.Reader.read_coordinate_tiles,0.0131161,0.0262323,2,X_batch,tiledbsoma
178,Context.StorageManager.Query.Reader.read_coordinate_tiles,0.0172158,0.0344316,2,X_batch,tiledbsoma
205,Context.StorageManager.Query.Reader.read_coordinate_tiles,0.0106885,0.021377,2,X_batch,tiledbsoma
259,Context.StorageManager.Query.Reader.read_coordinate_tiles,0.00883185,0.0176637,2,X_batch,tiledbsoma
15,Context.StorageManager.Query.Reader.read_tiles,0.00910251,0.0364101,4,X_batch,tiledbsoma
123,Context.StorageManager.Query.Reader.read_tiles,0.00488858,0.0195543,4,X_batch,tiledbsoma
231,Context.StorageManager.Query.Reader.read_tiles,0.0163039,0.0652158,4,X_batch,tiledbsoma
312,Context.StorageManager.Query.Reader.read_tiles,0.00583611,0.0233445,4,X_batch,tiledbsoma
339,Context.StorageManager.Query.Reader.read_tiles,0.0102181,0.0408725,4,X_batch,tiledbsoma
69,Context.StorageManager.Query.Reader.read_tiles,0.00950648,0.0380259,4,X_batch,tiledbsoma
258,Context.StorageManager.Query.Reader.read_tiles,0.00580343,0.0232137,4,X_batch,tiledbsoma
150,Context.StorageManager.Query.Reader.read_tiles,0.00363603,0.0145441,4,X_batch,tiledbsoma
204,Context.StorageManager.Query.Reader.read_tiles,0.00691347,0.0276539,4,X_batch,tiledbsoma
42,Context.StorageManager.Query.Reader.read_tiles,0.0138715,0.0554862,4,X_batch,tiledbsoma
285,Context.StorageManager.Query.Reader.read_tiles,0.0138837,0.055535,4,X_batch,tiledbsoma
366,Context.StorageManager.Query.Reader.read_tiles,0.00954544,0.0381818,4,X_batch,tiledbsoma
96,Context.StorageManager.Query.Reader.read_tiles,0.00805519,0.0322207,4,X_batch,tiledbsoma
177,Context.StorageManager.Query.Reader.read_tiles,0.0107879,0.0431517,4,X_batch,tiledbsoma
14,Context.StorageManager.Query.Reader.tile_offset_sizes,6.53e-06,6.53e-06,1,X_batch,tiledbsoma
338,Context.StorageManager.Query.Reader.tile_offset_sizes,8.472e-06,8.472e-06,1,X_batch,tiledbsoma
284,Context.StorageManager.Query.Reader.tile_offset_sizes,7.941e-06,7.941e-06,1,X_batch,tiledbsoma
68,Context.StorageManager.Query.Reader.tile_offset_sizes,8.645e-06,8.645e-06,1,X_batch,tiledbsoma
257,Context.StorageManager.Query.Reader.tile_offset_sizes,1.0178e-05,1.0178e-05,1,X_batch,tiledbsoma
311,Context.StorageManager.Query.Reader.tile_offset_sizes,9.276e-06,9.276e-06,1,X_batch,tiledbsoma
230,Context.StorageManager.Query.Reader.tile_offset_sizes,1.0377e-05,1.0377e-05,1,X_batch,tiledbsoma
95,Context.StorageManager.Query.Reader.tile_offset_sizes,8.739e-06,8.739e-06,1,X_batch,tiledbsoma
203,Context.StorageManager.Query.Reader.tile_offset_sizes,1.0175e-05,1.0175e-05,1,X_batch,tiledbsoma
122,Context.StorageManager.Query.Reader.tile_offset_sizes,8.165e-06,8.165e-06,1,X_batch,tiledbsoma
149,Context.StorageManager.Query.Reader.tile_offset_sizes,8.608e-06,8.608e-06,1,X_batch,tiledbsoma
41,Context.StorageManager.Query.Reader.tile_offset_sizes,8.023e-06,8.023e-06,1,X_batch,tiledbsoma
365,Context.StorageManager.Query.Reader.tile_offset_sizes,8.175e-06,8.175e-06,1,X_batch,tiledbsoma
176,Context.StorageManager.Query.Reader.tile_offset_sizes,1.0313e-05,1.0313e-05,1,X_batch,tiledbsoma
310,Context.StorageManager.Query.Reader.unfilter_attr_tiles,0.0150453,0.0150453,1,X_batch,tiledbsoma
94,Context.StorageManager.Query.Reader.unfilter_attr_tiles,0.0208529,0.0208529,1,X_batch,tiledbsoma
121,Context.StorageManager.Query.Reader.unfilter_attr_tiles,0.0125411,0.0125411,1,X_batch,tiledbsoma
148,Context.StorageManager.Query.Reader.unfilter_attr_tiles,0.0113943,0.0113943,1,X_batch,tiledbsoma
364,Context.StorageManager.Query.Reader.unfilter_attr_tiles,0.0235035,0.0235035,1,X_batch,tiledbsoma
337,Context.StorageManager.Query.Reader.unfilter_attr_tiles,0.0264306,0.0264306,1,X_batch,tiledbsoma
283,Context.StorageManager.Query.Reader.unfilter_attr_tiles,0.0258842,0.0258842,1,X_batch,tiledbsoma
40,Context.StorageManager.Query.Reader.unfilter_attr_tiles,0.0300142,0.0300142,1,X_batch,tiledbsoma
13,Context.StorageManager.Query.Reader.unfilter_attr_tiles,0.0307561,0.0307561,1,X_batch,tiledbsoma
202,Context.StorageManager.Query.Reader.unfilter_attr_tiles,0.0266699,0.0266699,1,X_batch,tiledbsoma
67,Context.StorageManager.Query.Reader.unfilter_attr_tiles,0.0368852,0.0368852,1,X_batch,tiledbsoma
229,Context.StorageManager.Query.Reader.unfilter_attr_tiles,0.0409315,0.0409315,1,X_batch,tiledbsoma
256,Context.StorageManager.Query.Reader.unfilter_attr_tiles,0.0189002,0.0189002,1,X_batch,tiledbsoma
175,Context.StorageManager.Query.Reader.unfilter_attr_tiles,0.034346,0.034346,1,X_batch,tiledbsoma
309,Context.StorageManager.Query.Reader.unfilter_coord_tiles,0.00830383,0.0415191,5,X_batch,tiledbsoma
12,Context.StorageManager.Query.Reader.unfilter_coord_tiles,0.0129205,0.0646023,5,X_batch,tiledbsoma
282,Context.StorageManager.Query.Reader.unfilter_coord_tiles,0.0112911,0.0564556,5,X_batch,tiledbsoma
66,Context.StorageManager.Query.Reader.unfilter_coord_tiles,0.0152475,0.0762375,5,X_batch,tiledbsoma
93,Context.StorageManager.Query.Reader.unfilter_coord_tiles,0.0102852,0.0514261,5,X_batch,tiledbsoma
120,Context.StorageManager.Query.Reader.unfilter_coord_tiles,0.00768554,0.0384277,5,X_batch,tiledbsoma
147,Context.StorageManager.Query.Reader.unfilter_coord_tiles,0.00689465,0.0344733,5,X_batch,tiledbsoma
336,Context.StorageManager.Query.Reader.unfilter_coord_tiles,0.0128936,0.0644682,5,X_batch,tiledbsoma
39,Context.StorageManager.Query.Reader.unfilter_coord_tiles,0.0114104,0.0570522,5,X_batch,tiledbsoma
174,Context.StorageManager.Query.Reader.unfilter_coord_tiles,0.0144454,0.0722271,5,X_batch,tiledbsoma
201,Context.StorageManager.Query.Reader.unfilter_coord_tiles,0.011782,0.0589099,5,X_batch,tiledbsoma
228,Context.StorageManager.Query.Reader.unfilter_coord_tiles,0.012178,0.0608898,5,X_batch,tiledbsoma
255,Context.StorageManager.Query.Reader.unfilter_coord_tiles,0.00910876,0.0455438,5,X_batch,tiledbsoma
363,Context.StorageManager.Query.Reader.unfilter_coord_tiles,0.0107369,0.0536846,5,X_batch,tiledbsoma
7,Context.StorageManager.group_load_metadata_from_storage,6.1781e-05,6.1781e-05,1,open,tiledbsoma
3,Context.StorageManager.group_load_metadata_from_storage,7.5147e-05,7.5147e-05,1,open,tiledb
6,Context.StorageManager.group_open_for_reads,9.5971e-05,9.5971e-05,1,open,tiledbsoma
2,Context.StorageManager.group_open_for_reads,0.000100439,0.000100439,1,open,tiledb
1,Context.StorageManager.load_group_details,9.8835e-05,9.8835e-05,1,open,tiledb
5,Context.StorageManager.load_group_details,9.4227e-05,9.4227e-05,1,open,tiledbsoma
4,Context.StorageManager.load_group_from_all_uris,8.9871e-05,8.9871e-05,1,open,tiledbsoma
0,Context.StorageManager.load_group_from_all_uris,9.3855e-05,9.3855e-05,1,open,tiledb
146,Context.StorageManager.subSubarray.compute_relevant_frags,4.3482e-05,4.3482e-05,1,X_batch,tiledbsoma
65,Context.StorageManager.subSubarray.compute_relevant_frags,5.332e-05,5.332e-05,1,X_batch,tiledbsoma
11,Context.StorageManager.subSubarray.compute_relevant_frags,4.1776e-05,4.1776e-05,1,X_batch,tiledbsoma
92,Context.StorageManager.subSubarray.compute_relevant_frags,3.7996e-05,3.7996e-05,1,X_batch,tiledbsoma
335,Context.StorageManager.subSubarray.compute_relevant_frags,4.7233e-05,4.7233e-05,1,X_batch,tiledbsoma
308,Context.StorageManager.subSubarray.compute_relevant_frags,4.2143e-05,4.2143e-05,1,X_batch,tiledbsoma
227,Context.StorageManager.subSubarray.compute_relevant_frags,7.21e-05,7.21e-05,1,X_batch,tiledbsoma
119,Context.StorageManager.subSubarray.compute_relevant_frags,4.3244e-05,4.3244e-05,1,X_batch,tiledbsoma
281,Context.StorageManager.subSubarray.compute_relevant_frags,4.8512e-05,4.8512e-05,1,X_batch,tiledbsoma
200,Context.StorageManager.subSubarray.compute_relevant_frags,5.4682e-05,5.4682e-05,1,X_batch,tiledbsoma
362,Context.StorageManager.subSubarray.compute_relevant_frags,4.0579e-05,4.0579e-05,1,X_batch,tiledbsoma
173,Context.StorageManager.subSubarray.compute_relevant_frags,5.6564e-05,5.6564e-05,1,X_batch,tiledbsoma
254,Context.StorageManager.subSubarray.compute_relevant_frags,3.8661e-05,3.8661e-05,1,X_batch,tiledbsoma
38,Context.StorageManager.subSubarray.compute_relevant_frags,4.5255e-05,4.5255e-05,1,X_batch,tiledbsoma
199,Context.StorageManager.subSubarray.read_compute_simple_tile_overlap,0.0029174,0.0029174,1,X_batch,tiledbsoma
361,Context.StorageManager.subSubarray.read_compute_simple_tile_overlap,0.00291732,0.00291732,1,X_batch,tiledbsoma
10,Context.StorageManager.subSubarray.read_compute_simple_tile_overlap,0.00226085,0.00226085,1,X_batch,tiledbsoma
145,Context.StorageManager.subSubarray.read_compute_simple_tile_overlap,0.0029829,0.0029829,1,X_batch,tiledbsoma
118,Context.StorageManager.subSubarray.read_compute_simple_tile_overlap,0.00281864,0.00281864,1,X_batch,tiledbsoma
91,Context.StorageManager.subSubarray.read_compute_simple_tile_overlap,0.00301485,0.00301485,1,X_batch,tiledbsoma
64,Context.StorageManager.subSubarray.read_compute_simple_tile_overlap,0.00287796,0.00287796,1,X_batch,tiledbsoma
172,Context.StorageManager.subSubarray.read_compute_simple_tile_overlap,0.00294239,0.00294239,1,X_batch,tiledbsoma
37,Context.StorageManager.subSubarray.read_compute_simple_tile_overlap,0.00291762,0.00291762,1,X_batch,tiledbsoma
226,Context.StorageManager.subSubarray.read_compute_simple_tile_overlap,0.00287137,0.00287137,1,X_batch,tiledbsoma
334,Context.StorageManager.subSubarray.read_compute_simple_tile_overlap,0.00287463,0.00287463,1,X_batch,tiledbsoma
280,Context.StorageManager.subSubarray.read_compute_simple_tile_overlap,0.00278438,0.00278438,1,X_batch,tiledbsoma
253,Context.StorageManager.subSubarray.read_compute_simple_tile_overlap,0.00278266,0.00278266,1,X_batch,tiledbsoma
307,Context.StorageManager.subSubarray.read_compute_simple_tile_overlap,0.00284799,0.00284799,1,X_batch,tiledbsoma
198,Context.StorageManager.subSubarray.read_load_relevant_rtrees,0.00213427,0.00213427,1,X_batch,tiledbsoma
306,Context.StorageManager.subSubarray.read_load_relevant_rtrees,0.00208412,0.00208412,1,X_batch,tiledbsoma
144,Context.StorageManager.subSubarray.read_load_relevant_rtrees,0.00211837,0.00211837,1,X_batch,tiledbsoma
36,Context.StorageManager.subSubarray.read_load_relevant_rtrees,0.00212721,0.00212721,1,X_batch,tiledbsoma
333,Context.StorageManager.subSubarray.read_load_relevant_rtrees,0.00213132,0.00213132,1,X_batch,tiledbsoma
171,Context.StorageManager.subSubarray.read_load_relevant_rtrees,0.00213321,0.00213321,1,X_batch,tiledbsoma
279,Context.StorageManager.subSubarray.read_load_relevant_rtrees,0.00207534,0.00207534,1,X_batch,tiledbsoma
90,Context.StorageManager.subSubarray.read_load_relevant_rtrees,0.00222602,0.00222602,1,X_batch,tiledbsoma
360,Context.StorageManager.subSubarray.read_load_relevant_rtrees,0.00218172,0.00218172,1,X_batch,tiledbsoma
63,Context.StorageManager.subSubarray.read_load_relevant_rtrees,0.00209531,0.00209531,1,X_batch,tiledbsoma
225,Context.StorageManager.subSubarray.read_load_relevant_rtrees,0.00211441,0.00211441,1,X_batch,tiledbsoma
9,Context.StorageManager.subSubarray.read_load_relevant_rtrees,0.00166732,0.00166732,1,X_batch,tiledbsoma
252,Context.StorageManager.subSubarray.read_load_relevant_rtrees,0.00207787,0.00207787,1,X_batch,tiledbsoma
117,Context.StorageManager.subSubarray.read_load_relevant_rtrees,0.00207504,0.00207504,1,X_batch,tiledbsoma
89,Context.StorageManager.subSubarray.sort_and_merge_ranges,0.00184791,0.00184791,1,X_batch,tiledbsoma
62,Context.StorageManager.subSubarray.sort_and_merge_ranges,0.00176114,0.00176114,1,X_batch,tiledbsoma
332,Context.StorageManager.subSubarray.sort_and_merge_ranges,0.00168381,0.00168381,1,X_batch,tiledbsoma
8,Context.StorageManager.subSubarray.sort_and_merge_ranges,0.00155237,0.00155237,1,X_batch,tiledbsoma
143,Context.StorageManager.subSubarray.sort_and_merge_ranges,0.00168351,0.00168351,1,X_batch,tiledbsoma
170,Context.StorageManager.subSubarray.sort_and_merge_ranges,0.00178693,0.00178693,1,X_batch,tiledbsoma
278,Context.StorageManager.subSubarray.sort_and_merge_ranges,0.00150677,0.00150677,1,X_batch,tiledbsoma
251,Context.StorageManager.subSubarray.sort_and_merge_ranges,0.00170733,0.00170733,1,X_batch,tiledbsoma
359,Context.StorageManager.subSubarray.sort_and_merge_ranges,0.00220431,0.00220431,1,X_batch,tiledbsoma
197,Context.StorageManager.subSubarray.sort_and_merge_ranges,0.00192906,0.00192906,1,X_batch,tiledbsoma
224,Context.StorageManager.subSubarray.sort_and_merge_ranges,0.00191997,0.00191997,1,X_batch,tiledbsoma
35,Context.StorageManager.subSubarray.sort_and_merge_ranges,0.00171732,0.00171732,1,X_batch,tiledbsoma
116,Context.StorageManager.subSubarray.sort_and_merge_ranges,0.00170288,0.00170288,1,X_batch,tiledbsoma
305,Context.StorageManager.subSubarray.sort_and_merge_ranges,0.00151924,0.00151924,1,X_batch,tiledbsoma
